N,n.failure,p.value.mardia.skew,p.value.mardia.kurt,p.value.hz,p.value.royston,p.value.mean,p.value.cov
1,9200,0.4217211,0.05208517,0.2832851,0.476342,0.1775085,0.1402808
2,8400,0.5203766,0.6837379,0.1726695,0.124483,0.8263723,0.5441166
3,9600,0.4980082,0.5828499,0.9498438,0.1064809,0.4524253,0.4616935
4,9200,0.4952011,0.9973292,0.7520124,0.6997923,0.5158848,0.3246098
